published_utc,run_date,comp,fixture_id,kickoff_utc,home,away,scoreline,home_goals,away_goals,p,p_covered
2026-09-18T07:15:29Z,2026-09-18,leagues,1549783,2026-09-18T21:00:00Z,Águilas Doradas,Deportivo Pereira,1-1,1,1,0.1385,0.3710
2026-09-18T07:15:29Z,2026-09-18,leagues,1549783,2026-09-18T21:00:00Z,Águilas Doradas,Deportivo Pereira,1-0,1,0,0.1238,0.3710
2026-09-18T07:15:29Z,2026-09-18,leagues,1549783,2026-09-18T21:00:00Z,Águilas Doradas,Deportivo Pereira,0-0,0,0,0.1087,0.3710
2026-09-18T07:15:29Z,2026-09-18,leagues,1569926,2026-09-18T18:30:00Z,Albacete,Cordoba,1-1,1,1,0.1138,0.2871
2026-09-18T07:15:29Z,2026-09-18,leagues,1569926,2026-09-18T18:30:00Z,Albacete,Cordoba,2-1,2,1,0.0948,0.2871
2026-09-18T07:15:29Z,2026-09-18,leagues,1569926,2026-09-18T18:30:00Z,Albacete,Cordoba,1-0,1,0,0.0785,0.2871
2026-09-18T07:15:29Z,2026-09-18,leagues,1551797,2026-09-18T18:00:00Z,Almere City FC,Heracles,2-3,2,3,0.0577,0.1628
2026-09-18T07:15:29Z,2026-09-18,leagues,1551797,2026-09-18T18:00:00Z,Almere City FC,Heracles,2-2,2,2,0.0543,0.1628
2026-09-18T07:15:29Z,2026-09-18,leagues,1551797,2026-09-18T18:00:00Z,Almere City FC,Heracles,1-3,1,3,0.0508,0.1628
2026-09-18T07:15:29Z,2026-09-18,leagues,1575167,2026-09-18T18:30:00Z,Bayern München,Union Berlin,3-0,3,0,0.1070,0.2924
2026-09-18T07:15:29Z,2026-09-18,leagues,1575167,2026-09-18T18:30:00Z,Bayern München,Union Berlin,4-0,4,0,0.0928,0.2924
2026-09-18T07:15:29Z,2026-09-18,leagues,1575167,2026-09-18T18:30:00Z,Bayern München,Union Berlin,2-0,2,0,0.0926,0.2924
2026-09-18T07:15:29Z,2026-09-18,leagues,1557408,2026-09-18T19:00:00Z,Brentford,Chelsea,1-1,1,1,0.1076,0.2751
2026-09-18T07:15:29Z,2026-09-18,leagues,1557408,2026-09-18T19:00:00Z,Brentford,Chelsea,2-1,2,1,0.0841,0.2751
2026-09-18T07:15:29Z,2026-09-18,leagues,1557408,2026-09-18T19:00:00Z,Brentford,Chelsea,1-2,1,2,0.0834,0.2751
2026-09-18T07:15:29Z,2026-09-18,leagues,1570397,2026-09-18T19:00:00Z,Espanyol,Elche,1-1,1,1,0.1238,0.3143
2026-09-18T07:15:29Z,2026-09-18,leagues,1570397,2026-09-18T19:00:00Z,Espanyol,Elche,1-0,1,0,0.1032,0.3143
2026-09-18T07:15:29Z,2026-09-18,leagues,1570397,2026-09-18T19:00:00Z,Espanyol,Elche,2-1,2,1,0.0873,0.3143
2026-09-18T07:15:29Z,2026-09-18,leagues,1551799,2026-09-18T18:00:00Z,FC Eindhoven,Emmen,1-1,1,1,0.1008,0.2643
2026-09-18T07:15:29Z,2026-09-18,leagues,1551799,2026-09-18T18:00:00Z,FC Eindhoven,Emmen,2-1,2,1,0.0846,0.2643
2026-09-18T07:15:29Z,2026-09-18,leagues,1551799,2026-09-18T18:00:00Z,FC Eindhoven,Emmen,1-2,1,2,0.0789,0.2643
2026-09-18T07:15:29Z,2026-09-18,leagues,1551803,2026-09-18T18:00:00Z,FC OSS,Dordrecht,1-1,1,1,0.1253,0.3241
2026-09-18T07:15:29Z,2026-09-18,leagues,1551803,2026-09-18T18:00:00Z,FC OSS,Dordrecht,0-1,0,1,0.1100,0.3241
2026-09-18T07:15:29Z,2026-09-18,leagues,1551803,2026-09-18T18:00:00Z,FC OSS,Dordrecht,1-2,1,2,0.0888,0.3241
2026-09-18T07:15:29Z,2026-09-18,leagues,1555058,2026-09-18T17:30:00Z,FC WIL 1900,Stade Nyonnais,1-1,1,1,0.1255,0.3176
2026-09-18T07:15:29Z,2026-09-18,leagues,1555058,2026-09-18T17:30:00Z,FC WIL 1900,Stade Nyonnais,2-1,2,1,0.0969,0.3176
2026-09-18T07:15:29Z,2026-09-18,leagues,1555058,2026-09-18T17:30:00Z,FC WIL 1900,Stade Nyonnais,1-0,1,0,0.0952,0.3176
2026-09-18T07:15:29Z,2026-09-18,leagues,1555060,2026-09-18T18:15:00Z,FC Winterthur,FC Aarau,1-1,1,1,0.1043,0.3002
2026-09-18T07:15:29Z,2026-09-18,leagues,1555060,2026-09-18T18:15:00Z,FC Winterthur,FC Aarau,2-1,2,1,0.0993,0.3002
2026-09-18T07:15:29Z,2026-09-18,leagues,1555060,2026-09-18T18:15:00Z,FC Winterthur,FC Aarau,2-0,2,0,0.0966,0.3002
2026-09-18T07:15:29Z,2026-09-18,leagues,1558635,2026-09-18T18:45:00Z,Gent,Standard Liege,1-0,1,0,0.1554,0.4207
2026-09-18T07:15:29Z,2026-09-18,leagues,1558635,2026-09-18T18:45:00Z,Gent,Standard Liege,1-1,1,1,0.1329,0.4207
2026-09-18T07:15:29Z,2026-09-18,leagues,1558635,2026-09-18T18:45:00Z,Gent,Standard Liege,0-0,0,0,0.1324,0.4207
2026-09-18T07:15:29Z,2026-09-18,leagues,1638099,2026-09-18T16:00:00Z,Gnistan,HJK Helsinki,1-1,1,1,0.0952,0.2552
2026-09-18T07:15:29Z,2026-09-18,leagues,1638099,2026-09-18T16:00:00Z,Gnistan,HJK Helsinki,1-2,1,2,0.0914,0.2552
2026-09-18T07:15:29Z,2026-09-18,leagues,1638099,2026-09-18T16:00:00Z,Gnistan,HJK Helsinki,2-1,2,1,0.0686,0.2552
2026-09-18T07:15:29Z,2026-09-18,leagues,1552173,2026-09-18T18:00:00Z,Groningen,PEC Zwolle,1-1,1,1,0.1211,0.3119
2026-09-18T07:15:29Z,2026-09-18,leagues,1552173,2026-09-18T18:00:00Z,Groningen,PEC Zwolle,2-1,2,1,0.0978,0.3119
2026-09-18T07:15:29Z,2026-09-18,leagues,1552173,2026-09-18T18:00:00Z,Groningen,PEC Zwolle,1-0,1,0,0.0930,0.3119
2026-09-18T07:15:29Z,2026-09-18,leagues,1523230,2026-09-18T11:35:00Z,Hangzhou Greentown,Wuhan Three Towns,2-1,2,1,0.0934,0.2579
2026-09-18T07:15:29Z,2026-09-18,leagues,1523230,2026-09-18T11:35:00Z,Hangzhou Greentown,Wuhan Three Towns,1-1,1,1,0.0872,0.2579
2026-09-18T07:15:29Z,2026-09-18,leagues,1523230,2026-09-18T11:35:00Z,Hangzhou Greentown,Wuhan Three Towns,2-0,2,0,0.0773,0.2579
2026-09-18T07:15:29Z,2026-09-18,leagues,1551802,2026-09-18T18:00:00Z,Jong Utrecht,VVV Venlo,1-1,1,1,0.1196,0.2916
2026-09-18T07:15:29Z,2026-09-18,leagues,1551802,2026-09-18T18:00:00Z,Jong Utrecht,VVV Venlo,0-1,0,1,0.0867,0.2916
2026-09-18T07:15:29Z,2026-09-18,leagues,1551802,2026-09-18T18:00:00Z,Jong Utrecht,VVV Venlo,1-2,1,2,0.0853,0.2916
2026-09-18T07:15:29Z,2026-09-18,leagues,1601537,2026-09-18T18:30:00Z,Juve Stabia,Cesena,1-1,1,1,0.1408,0.3755
2026-09-18T07:15:29Z,2026-09-18,leagues,1601537,2026-09-18T18:30:00Z,Juve Stabia,Cesena,1-0,1,0,0.1227,0.3755
2026-09-18T07:15:29Z,2026-09-18,leagues,1601537,2026-09-18T18:30:00Z,Juve Stabia,Cesena,0-0,0,0,0.1120,0.3755
2026-09-18T07:15:29Z,2026-09-18,leagues,1551346,2026-09-18T17:00:00Z,Kolding IF,Hillerød,1-1,1,1,0.1364,0.3765
2026-09-18T07:15:29Z,2026-09-18,leagues,1551346,2026-09-18T17:00:00Z,Kolding IF,Hillerød,1-0,1,0,0.1231,0.3765
2026-09-18T07:15:29Z,2026-09-18,leagues,1551346,2026-09-18T17:00:00Z,Kolding IF,Hillerød,0-0,0,0,0.1170,0.3765
2026-09-18T07:15:29Z,2026-09-18,leagues,1638083,2026-09-18T15:00:00Z,Lahti,FF Jaro,1-0,1,0,0.1353,0.3624
2026-09-18T07:15:29Z,2026-09-18,leagues,1638083,2026-09-18T15:00:00Z,Lahti,FF Jaro,1-1,1,1,0.1268,0.3624
2026-09-18T07:15:29Z,2026-09-18,leagues,1638083,2026-09-18T15:00:00Z,Lahti,FF Jaro,2-0,2,0,0.1003,0.3624
2026-09-18T07:15:29Z,2026-09-18,leagues,1549024,2026-09-18T17:00:00Z,Lyngby,Silkeborg,1-1,1,1,0.1397,0.3788
2026-09-18T07:15:29Z,2026-09-18,leagues,1549024,2026-09-18T17:00:00Z,Lyngby,Silkeborg,0-1,0,1,0.1240,0.3788
2026-09-18T07:15:29Z,2026-09-18,leagues,1549024,2026-09-18T17:00:00Z,Lyngby,Silkeborg,0-0,0,0,0.1151,0.3788
2026-09-18T07:15:29Z,2026-09-18,leagues,1550133,2026-09-18T18:45:00Z,Monza,Sassuolo,1-1,1,1,0.1110,0.3275
2026-09-18T07:15:29Z,2026-09-18,leagues,1550133,2026-09-18T18:45:00Z,Monza,Sassuolo,0-1,0,1,0.1086,0.3275
2026-09-18T07:15:29Z,2026-09-18,leagues,1550133,2026-09-18T18:45:00Z,Monza,Sassuolo,0-2,0,2,0.1079,0.3275
2026-09-18T07:15:29Z,2026-09-18,leagues,1555059,2026-09-18T17:30:00Z,Neuchatel Xamax FC,Rapperswil,1-1,1,1,0.1006,0.2606
2026-09-18T07:15:29Z,2026-09-18,leagues,1555059,2026-09-18T17:30:00Z,Neuchatel Xamax FC,Rapperswil,2-1,2,1,0.0885,0.2606
2026-09-18T07:15:29Z,2026-09-18,leagues,1555059,2026-09-18T17:30:00Z,Neuchatel Xamax FC,Rapperswil,1-2,1,2,0.0715,0.2606
2026-09-18T07:15:29Z,2026-09-18,leagues,1558226,2026-09-18T18:45:00Z,Polonia Bytom,Ruch Chorzów,1-1,1,1,0.1048,0.2703
2026-09-18T07:15:29Z,2026-09-18,leagues,1558226,2026-09-18T18:45:00Z,Polonia Bytom,Ruch Chorzów,2-1,2,1,0.0869,0.2703
2026-09-18T07:15:29Z,2026-09-18,leagues,1558226,2026-09-18T18:45:00Z,Polonia Bytom,Ruch Chorzów,1-2,1,2,0.0786,0.2703
2026-09-18T07:15:29Z,2026-09-18,leagues,1560247,2026-09-18T17:30:00Z,Puskas Academy,Budapest Honved,1-1,1,1,0.1081,0.2722
2026-09-18T07:15:29Z,2026-09-18,leagues,1560247,2026-09-18T17:30:00Z,Puskas Academy,Budapest Honved,2-1,2,1,0.0938,0.2722
2026-09-18T07:15:29Z,2026-09-18,leagues,1560247,2026-09-18T17:30:00Z,Puskas Academy,Budapest Honved,2-0,2,0,0.0703,0.2722
2026-09-18T07:15:29Z,2026-09-18,leagues,1561935,2026-09-18T17:30:00Z,Rapid Vienna,WSG Wattens,1-1,1,1,0.1118,0.3168
2026-09-18T07:15:29Z,2026-09-18,leagues,1561935,2026-09-18T17:30:00Z,Rapid Vienna,WSG Wattens,2-0,2,0,0.1041,0.3168
2026-09-18T07:15:29Z,2026-09-18,leagues,1561935,2026-09-18T17:30:00Z,Rapid Vienna,WSG Wattens,1-0,1,0,0.1009,0.3168
2026-09-18T07:15:29Z,2026-09-18,leagues,1548535,2026-09-18T18:00:00Z,Rudes,NK Slaven Belupo,1-2,1,2,0.0801,0.2217
2026-09-18T07:15:29Z,2026-09-18,leagues,1548535,2026-09-18T18:00:00Z,Rudes,NK Slaven Belupo,1-1,1,1,0.0731,0.2217
2026-09-18T07:15:29Z,2026-09-18,leagues,1548535,2026-09-18T18:00:00Z,Rudes,NK Slaven Belupo,2-2,2,2,0.0685,0.2217
2026-09-18T07:15:29Z,2026-09-18,leagues,1494768,2026-09-18T17:00:00Z,Sarpsborg 08 FF,KFUM Oslo,1-1,1,1,0.1267,0.3201
2026-09-18T07:15:29Z,2026-09-18,leagues,1494768,2026-09-18T17:00:00Z,Sarpsborg 08 FF,KFUM Oslo,1-0,1,0,0.1025,0.3201
2026-09-18T07:15:29Z,2026-09-18,leagues,1494768,2026-09-18T17:00:00Z,Sarpsborg 08 FF,KFUM Oslo,2-1,2,1,0.0909,0.3201
2026-09-18T07:15:29Z,2026-09-18,leagues,1555057,2026-09-18T17:30:00Z,SC Kriens,Étoile Carouge,1-1,1,1,0.1355,0.3465
2026-09-18T07:15:29Z,2026-09-18,leagues,1555057,2026-09-18T17:30:00Z,SC Kriens,Étoile Carouge,1-0,1,0,0.1142,0.3465
2026-09-18T07:15:29Z,2026-09-18,leagues,1555057,2026-09-18T17:30:00Z,SC Kriens,Étoile Carouge,0-0,0,0,0.0968,0.3465
2026-09-18T07:15:29Z,2026-09-18,leagues,1638084,2026-09-18T15:00:00Z,SJK,Mariehamn,2-0,2,0,0.0971,0.2765
2026-09-18T07:15:29Z,2026-09-18,leagues,1638084,2026-09-18T15:00:00Z,SJK,Mariehamn,2-1,2,1,0.0965,0.2765
2026-09-18T07:15:29Z,2026-09-18,leagues,1638084,2026-09-18T15:00:00Z,SJK,Mariehamn,1-1,1,1,0.0829,0.2765
2026-09-18T07:15:29Z,2026-09-18,leagues,1576181,2026-09-18T16:30:00Z,SpVgg Greuther Fürth,1. FC Magdeburg,1-1,1,1,0.0929,0.2509
2026-09-18T07:15:29Z,2026-09-18,leagues,1576181,2026-09-18T16:30:00Z,SpVgg Greuther Fürth,1. FC Magdeburg,1-2,1,2,0.0843,0.2509
2026-09-18T07:15:29Z,2026-09-18,leagues,1576181,2026-09-18T16:30:00Z,SpVgg Greuther Fürth,1. FC Magdeburg,2-1,2,1,0.0737,0.2509
2026-09-18T07:15:29Z,2026-09-18,leagues,1565262,2026-09-18T15:00:00Z,Uta Arad,Sepsi OSK Sfantu Gheorghe,1-1,1,1,0.1278,0.3479
2026-09-18T07:15:29Z,2026-09-18,leagues,1565262,2026-09-18T15:00:00Z,Uta Arad,Sepsi OSK Sfantu Gheorghe,1-0,1,0,0.1245,0.3479
2026-09-18T07:15:29Z,2026-09-18,leagues,1565262,2026-09-18T15:00:00Z,Uta Arad,Sepsi OSK Sfantu Gheorghe,0-0,0,0,0.0956,0.3479
2026-09-18T07:15:29Z,2026-09-18,leagues,1584011,2026-09-18T17:00:00Z,Verl,Würzburger Kickers,3-1,3,1,0.0712,0.1958
2026-09-18T07:15:29Z,2026-09-18,leagues,1584011,2026-09-18T17:00:00Z,Verl,Würzburger Kickers,2-1,2,1,0.0682,0.1958
2026-09-18T07:15:29Z,2026-09-18,leagues,1584011,2026-09-18T17:00:00Z,Verl,Würzburger Kickers,4-1,4,1,0.0564,0.1958
2026-09-18T07:15:29Z,2026-09-18,leagues,1576187,2026-09-18T16:30:00Z,VfL Wolfsburg,SV Darmstadt 98,1-1,1,1,0.1019,0.2825
2026-09-18T07:15:29Z,2026-09-18,leagues,1576187,2026-09-18T16:30:00Z,VfL Wolfsburg,SV Darmstadt 98,2-1,2,1,0.0980,0.2825
2026-09-18T07:15:29Z,2026-09-18,leagues,1576187,2026-09-18T16:30:00Z,VfL Wolfsburg,SV Darmstadt 98,2-0,2,0,0.0826,0.2825
2026-09-18T07:15:29Z,2026-09-18,leagues,1520889,2026-09-18T22:30:00Z,Vila Nova,America Mineiro,1-1,1,1,0.1296,0.3386
2026-09-18T07:15:29Z,2026-09-18,leagues,1520889,2026-09-18T22:30:00Z,Vila Nova,America Mineiro,1-0,1,0,0.1169,0.3386
2026-09-18T07:15:29Z,2026-09-18,leagues,1520889,2026-09-18T22:30:00Z,Vila Nova,America Mineiro,2-1,2,1,0.0921,0.3386
2026-09-18T07:15:29Z,2026-09-18,leagues,1553180,2026-09-18T18:30:00Z,Wisla Krakow,Slask Wroclaw,2-1,2,1,0.0943,0.2660
2026-09-18T07:15:29Z,2026-09-18,leagues,1553180,2026-09-18T18:30:00Z,Wisla Krakow,Slask Wroclaw,2-0,2,0,0.0917,0.2660
2026-09-18T07:15:29Z,2026-09-18,leagues,1553180,2026-09-18T18:30:00Z,Wisla Krakow,Slask Wroclaw,1-1,1,1,0.0800,0.2660
2026-09-18T07:15:29Z,2026-09-18,leagues,1561667,2026-09-18T16:00:00Z,Zawisza Bydgoszcz,Górnik Łęczna,1-1,1,1,0.1045,0.2660
2026-09-18T07:15:29Z,2026-09-18,leagues,1561667,2026-09-18T16:00:00Z,Zawisza Bydgoszcz,Górnik Łęczna,1-2,1,2,0.0894,0.2660
2026-09-18T07:15:29Z,2026-09-18,leagues,1561667,2026-09-18T16:00:00Z,Zawisza Bydgoszcz,Górnik Łęczna,2-1,2,1,0.0721,0.2660
2026-09-18T07:15:29Z,2026-09-18,cups,1638820,2026-09-18T18:45:00Z,Yate Town,Chippenham Town,1-2,1,2,0.0908,0.2487
2026-09-18T07:15:29Z,2026-09-18,cups,1638820,2026-09-18T18:45:00Z,Yate Town,Chippenham Town,1-1,1,1,0.0869,0.2487
2026-09-18T07:15:29Z,2026-09-18,cups,1638820,2026-09-18T18:45:00Z,Yate Town,Chippenham Town,0-2,0,2,0.0710,0.2487
2026-09-18T07:15:29Z,2026-09-18,women,1593138,2026-09-18T16:30:00Z,1899 Hoffenheim W,VfL Wolfsburg W,1-1,1,1,0.0910,0.2351
2026-09-18T07:15:29Z,2026-09-18,women,1593138,2026-09-18T16:30:00Z,1899 Hoffenheim W,VfL Wolfsburg W,1-2,1,2,0.0802,0.2351
2026-09-18T07:15:29Z,2026-09-18,women,1593138,2026-09-18T16:30:00Z,1899 Hoffenheim W,VfL Wolfsburg W,2-1,2,1,0.0639,0.2351
2026-09-18T07:15:29Z,2026-09-18,women,1573584,2026-09-18T18:00:00Z,Deportivo Alavés W,Barcelona W,0-0,0,0,0.2661,0.6405
2026-09-18T07:15:29Z,2026-09-18,women,1573584,2026-09-18T18:00:00Z,Deportivo Alavés W,Barcelona W,0-1,0,1,0.2507,0.6405
2026-09-18T07:15:29Z,2026-09-18,women,1573584,2026-09-18T18:00:00Z,Deportivo Alavés W,Barcelona W,0-2,0,2,0.1237,0.6405
2026-09-18T07:15:29Z,2026-09-18,women,1580933,2026-09-18T17:00:00Z,Le Havre W,Lyon W,0-3,0,3,0.1184,0.3389
2026-09-18T07:15:29Z,2026-09-18,women,1580933,2026-09-18T17:00:00Z,Le Havre W,Lyon W,0-4,0,4,0.1182,0.3389
2026-09-18T07:15:29Z,2026-09-18,women,1580933,2026-09-18T17:00:00Z,Le Havre W,Lyon W,0-5,0,5,0.1023,0.3389
2026-09-18T07:15:29Z,2026-09-18,women,1495561,2026-09-18T17:00:00Z,Malmö FF W,Djurgården W,2-0,2,0,0.1181,0.3215
2026-09-18T07:15:29Z,2026-09-18,women,1495561,2026-09-18T17:00:00Z,Malmö FF W,Djurgården W,1-0,1,0,0.1180,0.3215
2026-09-18T07:15:29Z,2026-09-18,women,1495561,2026-09-18T17:00:00Z,Malmö FF W,Djurgården W,3-0,3,0,0.0854,0.3215
2026-09-18T07:15:29Z,2026-09-18,women,1580936,2026-09-18T17:00:00Z,Strasbourg W,Paris FC W,0-2,0,2,0.1204,0.3288
2026-09-18T07:15:29Z,2026-09-18,women,1580936,2026-09-18T17:00:00Z,Strasbourg W,Paris FC W,0-1,0,1,0.1193,0.3288
2026-09-18T07:15:29Z,2026-09-18,women,1580936,2026-09-18T17:00:00Z,Strasbourg W,Paris FC W,0-3,0,3,0.0891,0.3288
