settled_utc,run_date,comp,fixture_id,kickoff_utc,home,away,market,score,result,settle_frac,odds,profit_1u,close_median,close_median_utc,close_books,clv_median_pct,fair_close,fair_close_utc,clv_pct
2026-09-19T07:48:19Z,2026-09-18,leagues,1638084,2026-09-18T15:00:00Z,SJK,Mariehamn,OVER_1_5,2-1,1,1,1.270,0.2700,1.200,2026-09-18T12:41:21Z,7,5.83,,,
2026-09-19T07:48:19Z,2026-09-18,leagues,1555057,2026-09-18T17:30:00Z,SC Kriens,Étoile Carouge,OVER_1_5,4-1,1,1,1.150,0.1500,1.100,2026-09-18T12:41:21Z,7,4.55,,,
2026-09-19T07:48:19Z,2026-09-18,leagues,1555060,2026-09-18T18:15:00Z,FC Winterthur,FC Aarau,OVER_1_5,2-1,1,1,1.170,0.1700,1.130,2026-09-18T12:41:21Z,7,3.54,,,
2026-09-19T07:48:19Z,2026-09-18,leagues,1575167,2026-09-18T18:30:00Z,Bayern München,Union Berlin,OVER_2_5,7-0,1,1,1.110,0.1100,1.075,2026-09-18T12:41:21Z,6,3.26,,,
2026-09-19T07:48:19Z,2026-09-18,leagues,1552173,2026-09-18T18:00:00Z,Groningen,PEC Zwolle,OVER_1_5,3-0,1,1,1.140,0.1400,1.100,2026-09-18T12:41:21Z,7,3.64,,,
2026-09-19T07:48:19Z,2026-09-18,leagues,1558226,2026-09-18T18:45:00Z,Polonia Bytom,Ruch Chorzów,OVER_1_5,0-0,0,0,1.250,-0.0000,1.200,2026-09-18T16:40:37Z,7,4.17,,,
2026-09-19T07:48:19Z,2026-09-18,leagues,1555058,2026-09-18T17:30:00Z,FC WIL 1900,Stade Nyonnais,OVER_1_5,5-0,1,1,1.180,0.1800,1.130,2026-09-18T12:41:21Z,7,4.42,,,
2026-09-19T07:48:19Z,2026-09-18,leagues,1551346,2026-09-18T17:00:00Z,Kolding IF,Hillerød,OVER_1_5,1-1,1,1,1.290,0.2900,1.220,2026-09-18T12:41:21Z,7,5.74,,,
2026-09-19T07:48:19Z,2026-09-18,leagues,1561667,2026-09-18T16:00:00Z,Zawisza Bydgoszcz,Górnik Łęczna,OVER_1_5,0-0,0,0,1.250,-0.0000,1.180,2026-09-18T12:41:21Z,6,5.93,,,
2026-09-19T07:48:19Z,2026-09-18,leagues,1494768,2026-09-18T17:00:00Z,Sarpsborg 08 FF,KFUM Oslo,OVER_1_5,1-3,1,1,1.210,0.2100,1.170,2026-09-18T12:41:21Z,7,3.42,,,
2026-09-19T07:48:19Z,2026-09-18,leagues,1548535,2026-09-18T18:00:00Z,Rudes,NK Slaven Belupo,OVER_1_5,2-2,1,1,1.300,0.3000,1.220,2026-09-18T12:41:21Z,7,6.56,,,
2026-09-19T07:48:19Z,2026-09-18,leagues,1523230,2026-09-18T11:35:00Z,Hangzhou Greentown,Wuhan Three Towns,OVER_2_5,4-1,1,1,1.350,0.3500,1.290,2026-09-18T08:42:36Z,7,4.65,1.352,2026-09-18T08:42:36Z,-0.15
2026-09-19T07:48:19Z,2026-09-18,leagues,1550133,2026-09-18T18:45:00Z,Monza,Sassuolo,OVER_1_5,2-1,1,1,1.260,0.2600,1.220,2026-09-18T16:40:37Z,7,3.28,,,
2026-09-19T07:48:19Z,2026-09-18,leagues,1549024,2026-09-18T17:00:00Z,Lyngby,Silkeborg,OVER_2_5,0-4,1,1,1.540,0.5400,1.440,2026-09-18T12:41:21Z,7,6.94,1.536,2026-09-18T12:41:21Z,0.26
2026-09-19T07:48:19Z,2026-09-18,leagues,1520889,2026-09-18T22:30:00Z,Vila Nova,America Mineiro,HOME_WIN,1-0,1,1,1.400,0.4000,1.410,2026-09-18T16:40:37Z,9,-0.71,1.487,2026-09-18T16:40:37Z,-5.85
2026-09-19T07:48:19Z,2026-09-18,leagues,1561935,2026-09-18T17:30:00Z,Rapid Vienna,WSG Wattens,HOME_WIN,3-0,1,1,1.400,0.4000,1.350,2026-09-18T12:41:21Z,9,3.70,1.411,2026-09-18T12:41:21Z,-0.78
2026-09-19T07:48:19Z,2026-09-18,leagues,1638099,2026-09-18T16:00:00Z,Gnistan,HJK Helsinki,OVER_2_5,1-1,0,0,1.600,-0.0000,1.530,2026-09-18T12:41:21Z,7,4.58,1.644,2026-09-18T12:41:21Z,-2.68
2026-09-19T07:48:19Z,2026-09-18,leagues,1584011,2026-09-18T17:00:00Z,Verl,Würzburger Kickers,HOME_WIN,2-1,1,1,2.060,1.0600,1.950,2026-09-18T12:41:21Z,9,5.64,2.027,2026-09-18T12:41:21Z,1.63
2026-09-19T07:48:19Z,2026-09-18,leagues,1551797,2026-09-18T18:00:00Z,Almere City FC,Heracles,OVER_2_5,1-0,0,0,1.420,-0.0000,1.360,2026-09-18T12:41:21Z,7,4.41,1.444,2026-09-18T12:41:21Z,-1.66
2026-09-19T07:48:19Z,2026-09-18,leagues,1555059,2026-09-18T17:30:00Z,Neuchatel Xamax FC,Rapperswil,HOME_WIN,0-3,0,0,1.940,-0.0000,1.850,2026-09-18T12:41:21Z,9,4.86,1.925,2026-09-18T12:41:21Z,0.78
2026-09-19T07:48:19Z,2026-09-18,leagues,1570397,2026-09-18T19:00:00Z,Espanyol,Elche,HOME_WIN,1-3,0,0,1.870,-0.0000,1.800,2026-09-18T16:40:37Z,9,3.89,1.879,2026-09-18T16:40:37Z,-0.48
2026-09-19T07:48:19Z,2026-09-18,leagues,1601537,2026-09-18T18:30:00Z,Juve Stabia,Cesena,DRAW,1-1,1,1,3.400,2.4000,3.320,2026-09-18T12:41:21Z,9,2.41,3.509,2026-09-18T12:41:21Z,-3.11
2026-09-19T07:48:19Z,2026-09-18,leagues,1558635,2026-09-18T18:45:00Z,Gent,Standard Liege,DRAW,2-1,0,0,3.800,-0.0000,3.520,2026-09-18T16:40:37Z,9,7.95,3.832,2026-09-18T16:40:37Z,-0.84
2026-09-19T07:48:19Z,2026-09-18,leagues,1557408,2026-09-18T19:00:00Z,Brentford,Chelsea,DRAW,3-0,0,0,3.950,-0.0000,3.720,2026-09-18T16:40:37Z,9,6.18,3.911,2026-09-18T16:40:37Z,1.00
2026-09-19T07:48:19Z,2026-09-18,leagues,1576187,2026-09-18T16:30:00Z,VfL Wolfsburg,SV Darmstadt 98,DRAW,5-1,0,0,4.900,-0.0000,4.650,2026-09-18T12:41:21Z,9,5.38,5.235,2026-09-18T12:41:21Z,-6.40
2026-09-19T07:48:19Z,2026-09-18,leagues,1553180,2026-09-18T18:30:00Z,Wisla Krakow,Slask Wroclaw,DRAW,2-1,0,0,4.300,-0.0000,4.000,2026-09-18T12:41:21Z,9,7.50,4.628,2026-09-18T12:41:21Z,-7.09
2026-09-19T07:48:19Z,2026-09-18,leagues,1565262,2026-09-18T15:00:00Z,Uta Arad,Sepsi OSK Sfantu Gheorghe,DRAW,1-0,0,0,3.300,-0.0000,3.340,2026-09-18T12:41:21Z,9,-1.20,3.752,2026-09-18T12:41:21Z,-12.05
2026-09-19T07:48:19Z,2026-09-18,cups,1637519,2026-09-18T19:30:00Z,Real,Academica,UNDER_3_5,1-4,0,0,,,,,,,,,
2026-09-19T07:48:19Z,2026-09-18,cups,1638820,2026-09-18T18:45:00Z,Yate Town,Chippenham Town,OVER_1_5,0-0,0,0,1.140,-0.0000,1.140,2026-09-18T12:46:41Z,3,0.00,,,
2026-09-19T07:48:19Z,2026-09-18,women,1573584,2026-09-18T18:00:00Z,Deportivo Alavés W,Barcelona W,AWAY_WIN,0-6,1,1,1.050,0.0500,1.040,2026-09-18T12:47:47Z,6,0.96,,,
2026-09-19T07:48:19Z,2026-09-18,women,1580936,2026-09-18T17:00:00Z,Strasbourg W,Paris FC W,AWAY_WIN,0-2,1,1,1.580,0.5800,,,,,,,
2026-09-19T07:48:19Z,2026-09-18,women,1593138,2026-09-18T16:30:00Z,1899 Hoffenheim W,VfL Wolfsburg W,AWAY_WIN,2-1,0,0,1.420,-0.0000,1.300,2026-09-18T12:47:47Z,8,9.23,1.405,2026-09-18T12:47:47Z,1.07
2026-09-19T07:48:19Z,2026-09-18,women,1580933,2026-09-18T17:00:00Z,Le Havre W,Lyon W,AWAY_WIN,1-8,1,1,1.020,0.0200,,,,,,,
2026-09-19T07:48:19Z,2026-09-18,women,1495561,2026-09-18T17:00:00Z,Malmö FF W,Djurgården W,UPSET,3-0,0,0,6.500,-0.0000,,,,,,,
2026-09-21T07:03:07Z,2026-09-19,leagues,1551566,2026-09-19T16:00:00Z,Zemplín Michalovce,Dukla Banská Bystrica,OVER_1_5,1-0,0,0,1.140,-1.0000,1.140,2026-09-19T12:40:56Z,5,0.00,,,
2026-09-21T07:03:07Z,2026-09-19,leagues,1555397,2026-09-19T16:00:00Z,FC Sion,FC Zurich,OVER_2_5,1-1,0,0,1.400,-1.0000,1.300,2026-09-19T12:40:56Z,5,7.69,1.397,2026-09-19T12:40:56Z,0.21
2026-09-21T07:03:07Z,2026-09-19,leagues,1552174,2026-09-19T18:00:00Z,Ajax,Excelsior,OVER_1_5,2-2,1,1,1.060,0.0600,1.045,2026-09-19T12:40:56Z,4,1.44,,,
2026-09-21T07:03:07Z,2026-09-19,leagues,1492381,2026-09-19T19:00:00Z,Atletico-MG,Chapecoense-sc,OVER_1_5,1-1,1,1,1.220,0.2200,1.190,2026-09-19T17:41:19Z,4,2.52,,,
2026-09-21T07:03:07Z,2026-09-19,leagues,1558223,2026-09-19T17:00:00Z,Miedz Legnica,Stal Rzeszów,OVER_1_5,2-3,1,1,1.170,0.1700,1.130,2026-09-19T12:40:56Z,5,3.54,,,
2026-09-21T07:03:07Z,2026-09-19,leagues,1567915,2026-09-19T13:30:00Z,Sturm Graz II,Wacker Innsbruck,OVER_1_5,2-2,1,1,1.170,0.1700,1.170,2026-09-19T08:41:35Z,6,0.00,,,
2026-09-21T07:03:07Z,2026-09-19,leagues,1556079,2026-09-19T09:30:00Z,V-varen Nagasaki,Cerezo Osaka,OVER_1_5,1-1,1,1,1.280,0.2800,1.220,2026-09-19T04:40:35Z,7,4.92,,,
2026-09-21T07:03:07Z,2026-09-19,leagues,1555395,2026-09-19T16:00:00Z,FC Luzern,Grasshoppers,OVER_2_5,5-1,1,1,1.360,0.3600,1.290,2026-09-19T12:40:56Z,5,5.43,1.369,2026-09-19T12:40:56Z,-0.66
2026-09-21T07:03:07Z,2026-09-19,leagues,1552175,2026-09-19T19:00:00Z,Willem II,Fortuna Sittard,OVER_1_5,0-1,0,0,1.140,-1.0000,1.150,2026-09-19T15:42:19Z,5,-0.87,,,
2026-09-21T07:03:07Z,2026-09-19,leagues,1492386,2026-09-19T21:30:00Z,Remo,Santos,OVER_1_5,1-2,1,1,1.280,0.2800,1.265,2026-09-19T17:41:19Z,4,1.19,,,
2026-09-21T07:03:07Z,2026-09-19,leagues,1555509,2026-09-19T17:15:00Z,Hapoel Beer Sheva,Ironi Kiryat Shmona,OVER_1_5,1-0,0,0,1.170,-1.0000,1.140,2026-09-19T12:40:56Z,5,2.63,,,
2026-09-21T07:03:07Z,2026-09-19,leagues,1553873,2026-09-19T15:00:00Z,Novi Pazar,Zemun,OVER_2_5,2-2,1,1,1.700,0.7000,1.620,2026-09-19T12:40:56Z,5,4.94,1.723,2026-09-19T12:40:56Z,-1.33
2026-09-21T07:03:07Z,2026-09-19,leagues,1553175,2026-09-19T12:45:00Z,Korona Kielce,Raków Częstochowa,OVER_1_5,3-2,1,1,1.270,0.2700,1.220,2026-09-19T08:41:35Z,7,4.10,,,
2026-09-21T07:03:07Z,2026-09-19,leagues,1492385,2026-09-19T20:00:00Z,Mirassol,Botafogo,OVER_1_5,2-0,1,1,1.250,0.2500,1.190,2026-09-19T17:41:19Z,4,5.04,,,
2026-09-21T07:03:07Z,2026-09-19,leagues,1601540,2026-09-19T13:00:00Z,Palermo,Padova,HOME_WIN,2-1,1,1,1.610,0.6100,1.500,2026-09-19T08:41:35Z,9,7.33,1.573,2026-09-19T08:41:35Z,2.35
2026-09-21T07:03:07Z,2026-09-19,leagues,1565255,2026-09-19T14:30:00Z,CFR 1907 Cluj,FC Botosani,OVER_1_5,3-1,1,1,1.250,0.2500,1.250,2026-09-19T08:41:35Z,7,0.00,,,
2026-09-21T07:03:07Z,2026-09-19,leagues,1549786,2026-09-19T23:10:00Z,Deportivo Cali,Cucuta,OVER_1_5,3-0,1,1,1.330,0.3300,1.300,2026-09-19T17:41:19Z,5,2.31,,,
2026-09-21T07:03:07Z,2026-09-19,leagues,1552171,2026-09-19T16:45:00Z,Sparta Rotterdam,Heerenveen,OVER_1_5,0-4,1,1,1.120,0.1200,1.070,2026-09-19T12:40:56Z,5,4.67,,,
2026-09-21T07:03:07Z,2026-09-19,leagues,1567908,2026-09-19T13:30:00Z,Voitsberg,Austria Salzburg,OVER_1_5,2-1,1,1,,,1.140,2026-09-19T12:40:56Z,5,,,,
2026-09-21T07:03:07Z,2026-09-19,leagues,1553177,2026-09-19T18:15:00Z,Motor Lublin,Gornik Zabrze,OVER_1_5,0-0,0,0,1.200,-1.0000,1.200,2026-09-19T12:40:56Z,5,0.00,,,
2026-09-21T07:03:07Z,2026-09-19,leagues,1549792,2026-09-19T19:00:00Z,Millonarios,Chico,OVER_1_5,3-0,1,1,1.250,0.2500,1.220,2026-09-19T15:42:19Z,5,2.46,,,
2026-09-21T07:03:07Z,2026-09-19,leagues,1555507,2026-09-19T17:30:00Z,Beitar Jerusalem,Hapoel Haifa,OVER_1_5,2-1,1,1,1.140,0.1400,1.130,2026-09-19T12:40:56Z,5,0.88,,,
2026-09-21T07:03:07Z,2026-09-19,leagues,1551564,2026-09-19T18:30:00Z,Komárno,Slovan Bratislava,OVER_1_5,1-2,1,1,1.140,0.1400,1.100,2026-09-19T12:40:56Z,4,3.64,,,
2026-09-21T07:03:07Z,2026-09-19,leagues,1585768,2026-09-19T14:00:00Z,Sarıyer,Boluspor,HOME_WIN,2-1,1,1,1.270,0.2700,1.200,2026-09-19T08:41:35Z,9,5.83,1.294,2026-09-19T08:41:35Z,-1.85
2026-09-21T07:03:07Z,2026-09-19,leagues,1548536,2026-09-19T15:00:00Z,NK Varazdin,NK Osijek,OVER_1_5,0-0,0,0,1.250,-1.0000,1.220,2026-09-19T12:40:56Z,5,2.46,,,
2026-09-21T07:03:07Z,2026-09-19,leagues,1556080,2026-09-19T10:30:00Z,Yokohama F. Marinos,Mito Hollyhock,OVER_1_5,2-0,1,1,1.220,0.2200,1.220,2026-09-19T04:40:35Z,7,0.00,,,
2026-09-21T07:03:07Z,2026-09-19,leagues,1558227,2026-09-19T13:30:00Z,Polonia Warszawa,Chrobry Głogów,OVER_1_5,2-0,1,1,1.260,0.2600,1.220,2026-09-19T08:41:35Z,7,3.28,,,
2026-09-21T07:03:07Z,2026-09-19,leagues,1552172,2026-09-19T14:30:00Z,ADO Den Haag,Cambuur,OVER_1_5,1-1,1,1,1.140,0.1400,1.130,2026-09-19T08:41:35Z,7,0.88,,,
2026-09-21T07:03:07Z,2026-09-19,leagues,1556074,2026-09-19T09:00:00Z,Kawasaki Frontale,Kashima,OVER_1_5,3-3,1,1,1.210,0.2100,1.180,2026-09-19T04:40:35Z,7,2.54,,,
2026-09-21T07:03:07Z,2026-09-19,leagues,1601535,2026-09-19T13:00:00Z,Carrarese,Benevento,OVER_1_5,0-1,0,0,1.310,-1.0000,1.250,2026-09-19T08:41:35Z,7,4.80,,,
2026-09-21T07:03:07Z,2026-09-19,leagues,1575170,2026-09-19T13:30:00Z,Eintracht Frankfurt,SC Freiburg,OVER_2_5,2-2,1,1,1.550,0.5500,1.480,2026-09-19T08:41:35Z,7,4.73,1.595,2026-09-19T08:41:35Z,-2.82
2026-09-21T07:03:07Z,2026-09-19,leagues,1520888,2026-09-19T19:30:00Z,Sport Recife,Juventude,OVER_1_5,2-1,1,1,1.440,0.4400,1.400,2026-09-19T15:42:19Z,5,2.86,,,
2026-09-21T07:03:07Z,2026-09-19,leagues,1548533,2026-09-19T18:00:00Z,Istra 1961,HNK Gorica,OVER_1_5,0-1,0,0,1.220,-1.0000,1.220,2026-09-19T12:40:56Z,5,0.00,,,
2026-09-21T07:03:07Z,2026-09-19,leagues,1558222,2026-09-19T10:30:00Z,Lechia Gdansk,Stal Mielec,OVER_2_5,7-1,1,1,1.580,0.5800,1.530,2026-09-19T04:40:35Z,7,3.27,1.597,2026-09-19T04:40:35Z,-1.06
2026-09-21T07:03:07Z,2026-09-19,leagues,1555512,2026-09-19T17:00:00Z,Maccabi Netanya,Maccabi Tel Aviv,OVER_2_5,1-2,1,1,1.440,0.4400,1.400,2026-09-19T12:40:56Z,5,2.86,1.500,2026-09-19T12:40:56Z,-4.00
2026-09-21T07:03:07Z,2026-09-19,leagues,1494002,2026-09-19T23:00:00Z,Forward Madison,Alta,OVER_2_5,3-0,1,1,1.570,0.5700,1.540,2026-09-19T17:41:19Z,5,1.95,1.680,2026-09-19T17:41:19Z,-6.55
2026-09-21T07:03:07Z,2026-09-19,leagues,1551568,2026-09-19T16:00:00Z,Žilina,AS Trencin,HOME_WIN,2-1,1,1,1.330,0.3300,1.370,2026-09-19T12:40:56Z,6,-2.92,1.461,2026-09-19T12:40:56Z,-8.97
2026-09-21T07:03:07Z,2026-09-19,leagues,1494004,2026-09-19T22:00:00Z,Richmond Kickers,Charlotte Independence,OVER_2_5,1-2,1,1,1.400,0.4000,1.340,2026-09-19T17:41:19Z,5,4.48,1.465,2026-09-19T17:41:19Z,-4.44
2026-09-21T07:03:07Z,2026-09-19,leagues,1551565,2026-09-19T16:00:00Z,FK Košice,Ružomberok,HOME_WIN,2-0,1,1,1.500,0.5000,1.510,2026-09-19T12:40:56Z,6,-0.66,1.573,2026-09-19T12:40:56Z,-4.64
2026-09-21T07:03:07Z,2026-09-19,leagues,1555701,2026-09-19T09:30:00Z,Ehime FC,Kamatamare Sanuki,OVER_2_5,2-1,1,1,1.700,0.7000,1.645,2026-09-19T04:40:35Z,6,3.34,1.734,2026-09-19T04:40:35Z,-1.96
2026-09-21T07:03:07Z,2026-09-19,leagues,1606660,2026-09-19T10:00:00Z,Yokohama FC,Imabari,HOME_WIN,2-1,1,1,1.610,0.6100,,,,,,,
2026-09-21T07:03:07Z,2026-09-19,leagues,1494766,2026-09-19T16:00:00Z,Molde,Aalesund,OVER_2_5,1-2,1,1,1.220,0.2200,,,2,,1.260,2026-09-19T12:40:56Z,-3.17
2026-09-21T07:03:07Z,2026-09-19,leagues,1494003,2026-09-19T23:00:00Z,NY Cosmos,Westchester SC,OVER_2_5,1-2,1,1,1.500,0.5000,1.430,2026-09-19T17:41:19Z,5,4.90,1.564,2026-09-19T17:41:19Z,-4.09
2026-09-21T07:03:07Z,2026-09-19,leagues,1576183,2026-09-19T11:00:00Z,Holstein Kiel,VfL Osnabrück,OVER_2_5,1-1,0,0,1.610,-1.0000,1.500,2026-09-19T08:41:35Z,7,7.33,1.626,2026-09-19T08:41:35Z,-0.98
2026-09-21T07:03:07Z,2026-09-19,leagues,1555703,2026-09-19T10:00:00Z,Kagoshima United,Tochigi SC,HOME_WIN,3-1,1,1,1.900,0.9000,1.850,2026-09-19T04:40:35Z,8,2.70,1.976,2026-09-19T04:40:35Z,-3.85
2026-09-21T07:03:07Z,2026-09-19,leagues,1570393,2026-09-19T14:15:00Z,Athletic Club,Alaves,HOME_WIN,0-0,0,0,1.650,-1.0000,1.640,2026-09-19T08:41:35Z,9,0.61,1.679,2026-09-19T08:41:35Z,-1.73
2026-09-21T07:03:07Z,2026-09-19,leagues,1575507,2026-09-19T19:30:00Z,Sporting CP,Arouca,OVER_2_5,2-2,1,1,1.440,0.4400,1.410,2026-09-19T15:42:19Z,5,2.13,1.478,2026-09-19T15:42:19Z,-2.57
2026-09-21T07:03:07Z,2026-09-19,leagues,1561668,2026-09-19T16:00:00Z,Lechia Zielona Góra,Znicz Pruszków,OVER_2_5,1-3,1,1,1.600,0.6000,1.550,2026-09-19T12:40:56Z,5,3.23,1.691,2026-09-19T12:40:56Z,-5.38
2026-09-21T07:03:07Z,2026-09-19,leagues,1601534,2026-09-19T17:30:00Z,Ascoli,Avellino,HOME_WIN,3-1,1,1,2.050,1.0500,2.090,2026-09-19T12:40:56Z,9,-1.91,2.238,2026-09-19T12:40:56Z,-8.40
2026-09-21T07:03:07Z,2026-09-19,leagues,1569928,2026-09-19T14:15:00Z,FC Andorra,Sporting Gijon,HOME_WIN,1-3,0,0,,,,,,,,,
2026-09-21T07:03:07Z,2026-09-19,leagues,1591610,2026-09-19T16:00:00Z,Ankaragücü,Serik Spor,HOME_WIN,1-1,0,0,1.670,-1.0000,,,1,,1.715,2026-09-19T12:40:56Z,-2.62
2026-09-21T07:03:07Z,2026-09-19,leagues,1556665,2026-09-19T14:00:00Z,Hibernian,Aberdeen,HOME_WIN,1-1,0,0,1.750,-1.0000,1.730,2026-09-19T08:41:35Z,9,1.16,1.805,2026-09-19T08:41:35Z,-3.05
2026-09-21T07:03:07Z,2026-09-19,leagues,1601541,2026-09-19T15:15:00Z,Sampdoria,Catanzaro,HOME_WIN,2-1,1,1,2.050,1.0500,2.010,2026-09-19T12:40:56Z,9,1.99,2.116,2026-09-19T12:40:56Z,-3.12
2026-09-21T07:03:07Z,2026-09-19,leagues,1574734,2026-09-19T12:45:00Z,Concarneau,Caen,DRAW,2-0,0,0,3.000,-1.0000,3.050,2026-09-19T08:41:35Z,9,-1.64,3.335,2026-09-19T08:41:35Z,-10.04
2026-09-21T07:03:07Z,2026-09-19,leagues,1557043,2026-09-19T14:00:00Z,East Fife,Montrose,DRAW,1-2,0,0,2.900,-1.0000,3.045,2026-09-19T08:41:35Z,8,-4.76,3.284,2026-09-19T08:41:35Z,-11.69
2026-09-21T07:03:07Z,2026-09-19,leagues,1553874,2026-09-19T17:00:00Z,OFK Beograd,Radnicki 1923,DRAW,3-5,0,0,3.200,-1.0000,3.305,2026-09-19T12:40:56Z,6,-3.18,3.663,2026-09-19T12:40:56Z,-12.64
2026-09-21T07:03:07Z,2026-09-19,leagues,1639782,2026-09-19T21:30:00Z,Deportivo Maldonado,Cerro Largo,DRAW,2-0,0,0,3.500,-1.0000,3.490,2026-09-19T15:42:19Z,6,0.29,4.003,2026-09-19T15:42:19Z,-12.57
2026-09-21T07:03:07Z,2026-09-19,leagues,1563167,2026-09-19T14:00:00Z,Birmingham,Middlesbrough,DRAW,2-2,1,1,3.800,2.8000,3.600,2026-09-19T08:41:35Z,9,5.56,3.792,2026-09-19T08:41:35Z,0.21
2026-09-21T07:03:07Z,2026-09-19,leagues,1553875,2026-09-19T17:00:00Z,Radnik Surdulica,FK Partizan,DRAW,4-4,1,1,3.400,2.4000,3.510,2026-09-19T12:40:56Z,6,-3.13,3.998,2026-09-19T12:40:56Z,-14.96
2026-09-21T07:03:07Z,2026-09-19,leagues,1559165,2026-09-19T14:00:00Z,KRC Genk II,Seraing United,DRAW,2-2,1,1,3.400,2.4000,3.460,2026-09-19T08:41:35Z,8,-1.73,3.956,2026-09-19T08:41:35Z,-14.05
2026-09-21T07:03:07Z,2026-09-19,leagues,1550128,2026-09-19T16:00:00Z,AS Roma,Inter,DRAW,2-2,1,1,3.300,2.3000,3.505,2026-09-19T12:40:56Z,6,-5.85,3.600,2026-09-19T12:40:56Z,-8.33
2026-09-21T07:03:07Z,2026-09-19,leagues,1574732,2026-09-19T12:45:00Z,Amiens,Orleans,DRAW,2-0,0,0,2.900,-1.0000,3.050,2026-09-19T08:41:35Z,9,-4.92,3.404,2026-09-19T08:41:35Z,-14.81
2026-09-21T07:03:07Z,2026-09-19,leagues,1551343,2026-09-19T12:00:00Z,AB Copenhagen,Esbjerg,DRAW,3-0,0,0,3.400,-1.0000,3.750,2026-09-19T08:41:35Z,9,-9.33,4.365,2026-09-19T08:41:35Z,-22.11
2026-09-21T07:03:07Z,2026-09-19,leagues,1563174,2026-09-19T14:00:00Z,Portsmouth,Blackburn,DRAW,2-2,1,1,3.250,2.2500,3.340,2026-09-19T08:41:35Z,9,-2.69,3.645,2026-09-19T08:41:35Z,-10.84
2026-09-21T07:03:07Z,2026-09-19,leagues,1492775,2026-09-19T18:45:00Z,Sligo Rovers,St Patrick's Athl.,DRAW,0-1,0,0,4.500,-1.0000,4.550,2026-09-19T15:42:19Z,6,-1.10,5.189,2026-09-19T15:42:19Z,-13.28
2026-09-21T07:03:07Z,2026-09-19,leagues,1584414,2026-09-19T14:00:00Z,Çorum FK,Alanyaspor,DRAW,1-2,0,0,3.100,-1.0000,3.250,2026-09-19T08:41:35Z,9,-4.62,3.541,2026-09-19T08:41:35Z,-12.45
2026-09-21T07:03:07Z,2026-09-19,leagues,1510454,2026-09-19T10:00:00Z,Seoul E-Land FC,Daegu FC,DRAW,2-1,0,0,3.900,-1.0000,3.560,2026-09-19T04:40:35Z,9,9.55,4.156,2026-09-19T04:40:35Z,-6.16
2026-09-21T07:03:07Z,2026-09-19,leagues,1575505,2026-09-19T14:30:00Z,Nacional,Famalicao,DRAW,0-4,0,0,3.200,-1.0000,3.250,2026-09-19T08:41:35Z,9,-1.54,3.477,2026-09-19T08:41:35Z,-7.97
2026-09-21T07:03:07Z,2026-09-19,leagues,1550136,2026-09-19T18:45:00Z,Venezia,Lazio,DRAW,0-2,0,0,3.500,-1.0000,3.610,2026-09-19T15:42:19Z,6,-3.05,3.742,2026-09-19T15:42:19Z,-6.47
2026-09-21T07:03:07Z,2026-09-19,cups,1638684,2026-09-19T14:00:00Z,Berkhamsted,Hendon,OVER_1_5,4-1,1,1,,,,,,,,,
2026-09-21T07:03:07Z,2026-09-19,cups,1638690,2026-09-19T14:00:00Z,Buxton,Ashton United,OVER_1_5,1-0,0,0,1.150,-1.0000,,,1,,,,
2026-09-21T07:03:07Z,2026-09-19,cups,1638699,2026-09-19T14:00:00Z,Frome Town,Plymouth Parkway,OVER_1_5,0-2,1,1,,,,,,,,,
2026-09-21T07:03:07Z,2026-09-19,cups,1638710,2026-09-19T14:00:00Z,Marine,Radcliffe,OVER_1_5,3-2,1,1,,,,,,,,,
2026-09-21T07:03:07Z,2026-09-19,cups,1638716,2026-09-19T14:00:00Z,Salisbury,Taunton Town,OVER_1_5,4-1,1,1,,,,,,,,,
2026-09-21T07:03:07Z,2026-09-19,cups,1638721,2026-09-19T14:00:00Z,South Shields,Witton Albion,OVER_1_5,7-0,1,1,,,,,,,,,
2026-09-21T07:03:07Z,2026-09-19,cups,1638799,2026-09-19T14:00:00Z,AFC Totton,Gloucester City,OVER_1_5,0-2,1,1,,,,,,,,,
2026-09-21T07:03:07Z,2026-09-19,cups,1638724,2026-09-19T14:00:00Z,Swindon Supermarine,Weymouth,OVER_1_5,1-3,1,1,,,,,,,,,
2026-09-21T07:03:07Z,2026-09-19,cups,1638691,2026-09-19T14:00:00Z,Chertsey Town,Greenwich Borough,OVER_1_5,3-2,1,1,,,,,,,,,
2026-09-21T07:03:07Z,2026-09-19,cups,1638817,2026-09-19T14:00:00Z,Weston-super-Mare,Wimborne Town,OVER_1_5,1-1,1,1,1.170,0.1700,,,1,,,,
2026-09-21T07:03:07Z,2026-09-19,cups,1638893,2026-09-19T14:00:00Z,Thame United,Exmouth,OVER_1_5,3-3,1,1,1.140,0.1400,,,1,,,,
2026-09-21T07:03:07Z,2026-09-19,cups,1619904,2026-09-19T13:00:00Z,Castro Daire,Portimonense,OVER_2_5,0-1,0,0,1.730,-1.0000,1.720,2026-09-19T08:46:23Z,5,0.58,1.873,2026-09-19T08:46:23Z,-7.63
2026-09-21T07:03:07Z,2026-09-19,cups,1638807,2026-09-19T14:00:00Z,Dartford,Hayes & Yeading United,OVER_1_5,4-2,1,1,,,,,,,,,
2026-09-21T07:03:07Z,2026-09-19,cups,1638725,2026-09-19T14:00:00Z,Tiverton Town,Sholing,OVER_1_5,0-1,0,0,,,,,,,,,
2026-09-21T07:03:07Z,2026-09-19,cups,1638681,2026-09-19T14:00:00Z,Anstey Nomads,Newcastle Town,OVER_1_5,2-1,1,1,,,,,,,,,
2026-09-21T07:03:07Z,2026-09-19,cups,1638729,2026-09-19T14:00:00Z,Walton & Hersham,Horsham,OVER_1_5,0-3,1,1,1.130,0.1300,,,1,,,,
2026-09-21T07:03:07Z,2026-09-19,cups,1638680,2026-09-19T14:00:00Z,Alvechurch,Racing Club Warwick,OVER_1_5,3-1,1,1,,,,,,,,,
2026-09-21T07:03:07Z,2026-09-19,cups,1638728,2026-09-19T14:00:00Z,Waltham Abbey,Dagenham & Redbridge,OVER_1_5,1-1,1,1,,,,,,,,,
2026-09-21T07:03:07Z,2026-09-19,cups,1638814,2026-09-19T14:00:00Z,Pagham,Hanworth Villa,OVER_1_5,0-6,1,1,,,,,,,,,
2026-09-21T07:03:07Z,2026-09-19,cups,1638686,2026-09-19T14:00:00Z,Bishop's Cleeve,Tadley Calleva,OVER_1_5,0-1,0,0,,,,,,,,,
2026-09-21T07:03:07Z,2026-09-19,cups,1638679,2026-09-19T14:00:00Z,AFC Telford United,Worksop Town,OVER_1_5,2-2,1,1,,,,,,,,,
2026-09-21T07:03:07Z,2026-09-19,cups,1638687,2026-09-19T14:00:00Z,Brackley Town,AFC Portchester,OVER_1_5,1-0,0,0,1.080,-1.0000,,,1,,,,
2026-09-21T07:03:07Z,2026-09-19,cups,1638727,2026-09-19T14:00:00Z,Uxbridge,Farnborough,OVER_1_5,2-2,1,1,,,,,,,,,
2026-09-21T07:03:07Z,2026-09-19,cups,1638708,2026-09-19T14:00:00Z,Lower Breck,Chester,OVER_1_5,1-2,1,1,,,,,,,,,
2026-09-21T07:03:07Z,2026-09-19,cups,1638811,2026-09-19T14:00:00Z,Hitchin Town,Leiston,OVER_1_5,1-2,1,1,,,,,,,,,
2026-09-21T07:03:07Z,2026-09-19,cups,1638694,2026-09-19T14:00:00Z,Dorchester Town,Oxford City,OVER_1_5,0-2,1,1,,,,,,,,,
2026-09-21T07:03:07Z,2026-09-19,cups,1638815,2026-09-19T14:00:00Z,Torquay,AFC Stoneham,OVER_1_5,6-1,1,1,1.050,0.0500,,,1,,,,
2026-09-21T07:03:07Z,2026-09-19,cups,1638711,2026-09-19T14:00:00Z,Merthyr Town,Truro City,OVER_1_5,1-1,1,1,1.260,0.2600,,,1,,,,
2026-09-21T07:03:07Z,2026-09-19,cups,1638812,2026-09-19T14:00:00Z,Kettering Town,Quorn,OVER_2_5,2-0,0,0,1.530,-1.0000,,,2,,,,
2026-09-21T07:03:07Z,2026-09-19,cups,1638706,2026-09-19T14:00:00Z,Kingstonian,Leatherhead,OVER_1_5,0-1,0,0,,,,,,,,,
2026-09-21T07:03:07Z,2026-09-19,cups,1638709,2026-09-19T14:00:00Z,Maidenhead,Ebbsfleet United,OVER_1_5,1-3,1,1,,,,,,,,,
2026-09-21T07:03:07Z,2026-09-19,cups,1638688,2026-09-19T14:00:00Z,Bromsgrove Sporting,Leek Town,OVER_1_5,2-1,1,1,,,,,,,,,
2026-09-21T07:03:07Z,2026-09-19,cups,1638718,2026-09-19T14:00:00Z,Slough Town,Chatham Town,OVER_1_5,0-1,0,0,,,,,,,,,
2026-09-21T07:03:07Z,2026-09-19,cups,1638803,2026-09-19T14:00:00Z,Cambridge City,Buckhurst Hill,HOME_WIN,3-1,1,1,,,,,,,,,
2026-09-21T07:03:07Z,2026-09-19,cups,1638703,2026-09-19T14:00:00Z,Harleston Town,Real Bedford,OVER_1_5,1-2,1,1,,,,,,,,,
2026-09-21T07:03:07Z,2026-09-19,cups,1638695,2026-09-19T14:00:00Z,Dover,Folkestone Invicta,OVER_2_5,4-2,1,1,,,,,,,,,
2026-09-21T07:03:07Z,2026-09-19,cups,1638816,2026-09-19T14:00:00Z,Warrington Town,South Liverpool,OVER_1_5,3-0,1,1,,,,,,,,,
2026-09-21T07:03:07Z,2026-09-19,cups,1638693,2026-09-19T14:00:00Z,Cirencester Town,Farnham Town,OVER_1_5,2-2,1,1,,,,,,,,,
2026-09-21T07:03:07Z,2026-09-19,cups,1638712,2026-09-19T14:00:00Z,Morecambe,Southport,OVER_1_5,2-0,1,1,,,,,,,,,
2026-09-21T07:03:07Z,2026-09-19,cups,1638697,2026-09-19T14:00:00Z,Eastbourne Borough,Windsor,OVER_1_5,3-0,1,1,,,,,,,,,
2026-09-21T07:03:07Z,2026-09-19,cups,1638715,2026-09-19T14:00:00Z,Redditch United,Evesham United,OVER_1_5,3-0,1,1,1.210,0.2100,,,1,,,,
2026-09-21T07:03:07Z,2026-09-19,cups,1638804,2026-09-19T14:00:00Z,Canvey Island,Chelmsford City,OVER_1_5,0-1,0,0,,,,,,,,,
2026-09-21T07:03:07Z,2026-09-19,cups,1638696,2026-09-19T14:00:00Z,Dunston UTS,Scarborough Athletic,OVER_1_5,0-2,1,1,,,,,,,,,
2026-09-21T07:03:07Z,2026-09-19,cups,1638726,2026-09-19T14:00:00Z,Tonbridge Angels,Ramsgate,OVER_1_5,2-1,1,1,,,,,,,,,
2026-09-21T07:03:07Z,2026-09-19,cups,1638801,2026-09-19T14:00:00Z,Barton Town Old Boys,Boldmere St. Michaels,OVER_1_5,3-1,1,1,,,,,,,,,
2026-09-21T07:03:07Z,2026-09-19,cups,1638818,2026-09-19T14:00:00Z,Witham Town,St Albans City,OVER_1_5,0-3,1,1,,,,,,,,,
2026-09-21T07:03:07Z,2026-09-19,cups,1638705,2026-09-19T14:00:00Z,Hednesford Town,Coventry United,OVER_1_5,0-1,0,0,,,,,,,,,
2026-09-21T07:03:07Z,2026-09-19,cups,1638731,2026-09-19T14:00:00Z,Woodford Town,Mulbarton Wanderers,OVER_1_5,1-2,1,1,,,,,,,,,
2026-09-21T07:03:07Z,2026-09-19,cups,1638700,2026-09-19T14:00:00Z,Gorleston,Bury Town,OVER_1_5,3-4,1,1,1.120,0.1200,,,1,,,,
2026-09-21T07:03:07Z,2026-09-19,cups,1638682,2026-09-19T14:00:00Z,Atherton Collieries,Prescot Cables,OVER_1_5,2-0,1,1,,,,,,,,,
2026-09-21T07:03:07Z,2026-09-19,cups,1638704,2026-09-19T14:00:00Z,Heaton Stannington,Trafford,OVER_1_5,1-2,1,1,,,,,,,,,
2026-09-21T07:03:07Z,2026-09-19,cups,1638717,2026-09-19T14:00:00Z,Slimbridge,Hungerford Town,OVER_1_5,1-3,1,1,,,,,,,,,
2026-09-21T07:03:07Z,2026-09-19,cups,1638702,2026-09-19T14:00:00Z,Harborough Town,Rushall Olympic,OVER_1_5,1-0,0,0,,,,,,,,,
2026-09-21T07:03:07Z,2026-09-19,cups,1638730,2026-09-19T14:00:00Z,Rylands,Chorley,OVER_1_5,0-1,0,0,1.230,-1.0000,,,1,,,,
2026-09-21T07:03:07Z,2026-09-19,cups,1637525,2026-09-19T14:00:00Z,Vitória de Sernache,Varzim,OVER_2_5,2-1,1,1,2.080,1.0800,2.020,2026-09-19T08:46:23Z,6,2.97,2.226,2026-09-19T08:46:23Z,-6.56
2026-09-21T07:03:07Z,2026-09-19,women,1573589,2026-09-19T14:00:00Z,Espanyol W,Madrid CFF W,UNDER_3_5,5-1,0,0,1.250,-1.0000,1.230,2026-09-19T08:47:28Z,4,1.63,,,
2026-09-21T07:03:07Z,2026-09-19,women,1573586,2026-09-19T10:00:00Z,FC Levante Badalona W,Real Sociedad W,AWAY_WIN,0-0,0,0,2.450,-1.0000,2.450,2026-09-19T04:46:23Z,8,0.00,2.676,2026-09-19T04:46:23Z,-8.45
2026-09-21T07:03:07Z,2026-09-19,women,1580934,2026-09-19T19:00:00Z,Montpellier W,Marseille W,UPSET,0-0,0,0,2.000,-1.0000,,,,,,,
2026-09-21T07:03:07Z,2026-09-19,women,1495564,2026-09-19T11:00:00Z,Vittsjö W,Växjö W,UPSET,2-2,0,0,3.600,-1.0000,,,,,,,
2026-09-21T07:03:07Z,2026-09-19,women,1495559,2026-09-19T13:00:00Z,Eskilstuna United W,Häcken W,UPSET,0-3,0,0,10.000,-1.0000,,,,,,,
